INSERT INTO ADMINISTRATORS (EMAIL, PASSWORD) VALUES ('root@mail.com', '1234');
INSERT INTO ADMINISTRATORS (EMAIL, PASSWORD) VALUES ('hola@mail.com', '1234');

INSERT INTO CATEGORIES (ID, NAME) VALUES ('0', 'Todos');
INSERT INTO CATEGORIES (ID, NAME) VALUES ('1', 'Electronics');
INSERT INTO CATEGORIES (ID, NAME) VALUES ('2', 'Clothing');
INSERT INTO CATEGORIES (ID, NAME) VALUES ('3', 'Books');
INSERT INTO CATEGORIES (ID, NAME) VALUES ('4', 'Furniture');
INSERT INTO CATEGORIES (ID, NAME) VALUES ('5', 'Toys');

-- Insertar vehículos de ejemplo

-- Insertar marcas de carro
INSERT INTO BRANDS (ID, NAME) VALUES ('1', 'Toyota');
INSERT INTO BRANDS (ID, NAME) VALUES ('2', 'Honda');
INSERT INTO BRANDS (ID, NAME) VALUES ('3', 'Ford');
INSERT INTO BRANDS (ID, NAME) VALUES ('4', 'Chevrolet');
INSERT INTO BRANDS (ID, NAME) VALUES ('5', 'BMW');


INSERT INTO VEHICLES (ID, IMAGE, BRAND_ID, MODEL, VEHICLE_YEAR, CYLINDER_CAPACITY) VALUES ('1', '/images/vehicles/honda/HR-V.png', '2', 'HR-V', 2024, 1500);
INSERT INTO VEHICLES (ID, IMAGE, BRAND_ID, MODEL, VEHICLE_YEAR, CYLINDER_CAPACITY) VALUES ('2', '/images/vehicles/honda/WR-V.png','2', 'WR-V', 2024, 1500);
INSERT INTO VEHICLES (ID, IMAGE, BRAND_ID, MODEL, VEHICLE_YEAR, CYLINDER_CAPACITY) VALUES ('3', '/images/vehicles/honda/CITYSEDÁN.png', '2', 'City Sedán', 2024, 1800);
INSERT INTO VEHICLES (ID, IMAGE, BRAND_ID, MODEL, VEHICLE_YEAR, CYLINDER_CAPACITY) VALUES ('5', '/images/vehicles/bmw/BMWiX.png', '5', 'iX', 2024, 0);
INSERT INTO VEHICLES (ID, IMAGE, BRAND_ID, MODEL, VEHICLE_YEAR, CYLINDER_CAPACITY) VALUES ('6', '/images/vehicles/bmw/BMWiX3.png', '5', 'iX3', 2024, 0);
INSERT INTO VEHICLES (ID, IMAGE, BRAND_ID, MODEL, VEHICLE_YEAR, CYLINDER_CAPACITY) VALUES ('7', '/images/vehicles/bmw/BMWM440i.png', '5', 'M440i', 2024, 3000);
INSERT INTO VEHICLES (ID, IMAGE, BRAND_ID, MODEL, VEHICLE_YEAR, CYLINDER_CAPACITY) VALUES ('8', '/images/vehicles/bmw/BMWX4.png', '5', 'X4', 2024, 3000);
INSERT INTO VEHICLES (ID, IMAGE, BRAND_ID, MODEL, VEHICLE_YEAR, CYLINDER_CAPACITY) VALUES ('9', '/images/vehicles/bmw/BMWX4M40i.png', '5', 'X4 M40i', 2024, 3000);
INSERT INTO VEHICLES (ID, IMAGE, BRAND_ID, MODEL, VEHICLE_YEAR, CYLINDER_CAPACITY) VALUES ('10', '/images/vehicles/bmw/BMWXM.png', '5', 'XM', 2024, 3000);
INSERT INTO VEHICLES (ID, IMAGE, BRAND_ID, MODEL, VEHICLE_YEAR, CYLINDER_CAPACITY) VALUES ('11', '/images/vehicles/chevrolet/camaro.png', '4', 'Camaro', 2024, NULL);
INSERT INTO VEHICLES (ID, IMAGE, BRAND_ID, MODEL, VEHICLE_YEAR, CYLINDER_CAPACITY) VALUES ('12', '/images/vehicles/chevrolet/joy.png', '4', 'Joy', 2024, NULL);
INSERT INTO VEHICLES (ID, IMAGE, BRAND_ID, MODEL, VEHICLE_YEAR, CYLINDER_CAPACITY) VALUES ('13', '/images/vehicles/chevrolet/joySedan.png', '4', 'Joy Sedán', 2024, NULL);
INSERT INTO VEHICLES (ID, IMAGE, BRAND_ID, MODEL, VEHICLE_YEAR, CYLINDER_CAPACITY) VALUES ('14', '/images/vehicles/chevrolet/OnixTurboRS.png', '4', 'Onix Turbo RS', 2024, NULL);
INSERT INTO VEHICLES (ID, IMAGE, BRAND_ID, MODEL, VEHICLE_YEAR, CYLINDER_CAPACITY) VALUES ('15', '/images/vehicles/ford/EscapeEcoBoost.png', '3', 'Escape EcoBoost', 2024, NULL);
INSERT INTO VEHICLES (ID, IMAGE, BRAND_ID, MODEL, VEHICLE_YEAR, CYLINDER_CAPACITY) VALUES ('16', '/images/vehicles/ford/FordEdgeSEL.png', '3', 'Ford Edge SEL', 2024, NULL);
INSERT INTO VEHICLES (ID, IMAGE, BRAND_ID, MODEL, VEHICLE_YEAR, CYLINDER_CAPACITY) VALUES ('17', '/images/vehicles/ford/FordExplorerLimited4x4.png', '3', 'Ford Explorer Limited 4x4', 2024, NULL);
INSERT INTO VEHICLES (ID, IMAGE, BRAND_ID, MODEL, VEHICLE_YEAR, CYLINDER_CAPACITY) VALUES ('18', '/images/vehicles/toyota/carolla.png', '1', 'Corolla', 2024, NULL);
INSERT INTO VEHICLES (ID, IMAGE, BRAND_ID, MODEL, VEHICLE_YEAR, CYLINDER_CAPACITY) VALUES ('19', '/images/vehicles/toyota/yaris.png', '1', 'Yaris', 2024, NULL);



-- Insertar cotizaciones de ejemplo
INSERT INTO QUOTES (ID, ESTATE, PRICE, VEHICLE_ID) VALUES ('1', 'Active', '20000', '1');
INSERT INTO QUOTES (ID, ESTATE, PRICE, VEHICLE_ID) VALUES ('2', 'Active', '18000', '2');
INSERT INTO QUOTES (ID, ESTATE, PRICE, VEHICLE_ID) VALUES ('3', 'Active', '25000', '3');
INSERT INTO QUOTES (ID, ESTATE, PRICE, VEHICLE_ID) VALUES ('4', 'Active', '35000', '6');
INSERT INTO QUOTES (ID, ESTATE, PRICE, VEHICLE_ID) VALUES ('5', 'Active', '40000', '5');

-- Insertar productos de ejemplo
INSERT INTO PRODUCTS (ID, NAME, DESCRIPTION, TECHNICAL_DESCRIPTION, IMAGE, PRICE, COIN, DISCOUNT, TAX, CATEGORY_ID, QUOTE_ID) VALUES ('1', 'Laptop', 'Example laptop description', 'Technical specs here', 'aceite.png', '1000', 'USD', 10, 5, '2', '1');
INSERT INTO PRODUCTS (ID, NAME, DESCRIPTION, TECHNICAL_DESCRIPTION, IMAGE, PRICE, COIN, DISCOUNT, TAX, CATEGORY_ID, QUOTE_ID) VALUES ('2', 'T-shirt', 'Cotton T-shirt', 'Size: M, Color: Red', 'acelerador.png', '20', 'USD', 0, 5, '2', '2');
INSERT INTO PRODUCTS (ID, NAME, DESCRIPTION, TECHNICAL_DESCRIPTION, IMAGE, PRICE, COIN, DISCOUNT, TAX, CATEGORY_ID, QUOTE_ID) VALUES ('3', 'Book', 'Fiction novel', 'Author: John Doe', 'amortiguador.png', '15', 'USD', 0, 5, '3', '3');
INSERT INTO PRODUCTS (ID, NAME, DESCRIPTION, TECHNICAL_DESCRIPTION, IMAGE, PRICE, COIN, DISCOUNT, TAX, CATEGORY_ID, QUOTE_ID) VALUES ('4', 'Chair', 'Wooden chair', 'Size: Standard', 'balanceo-de-ruedas.png', '50', 'USD', 0, 5, '4', '4');
INSERT INTO PRODUCTS (ID, NAME, DESCRIPTION, TECHNICAL_DESCRIPTION, IMAGE, PRICE, COIN, DISCOUNT, TAX, CATEGORY_ID, QUOTE_ID) VALUES ('5', 'Action Figure', 'Superhero action figure', 'Size: 12 inches', 'carro-hidraulico.png', '10', 'USD', 0, 5, '5', '5');
INSERT INTO PRODUCTS (ID, NAME, DESCRIPTION, TECHNICAL_DESCRIPTION, IMAGE, PRICE, COIN, DISCOUNT, TAX, CATEGORY_ID, QUOTE_ID) VALUES ('11', 'Laptop', 'Example laptop description', 'Technical specs here', 'signo-de-interrogacion.png', '1000', 'USD', 0, 5, '1', '1');
INSERT INTO PRODUCTS (ID, NAME, DESCRIPTION, TECHNICAL_DESCRIPTION, IMAGE, PRICE, COIN, DISCOUNT, TAX, CATEGORY_ID, QUOTE_ID) VALUES ('12', 'T-shirt', 'Cotton T-shirt', 'Size: M, Color: Red', 'signo-de-interrogacion.png', '20', 'USD', 0, 5, '2', '2');
INSERT INTO PRODUCTS (ID, NAME, DESCRIPTION, TECHNICAL_DESCRIPTION, IMAGE, PRICE, COIN, DISCOUNT, TAX, CATEGORY_ID, QUOTE_ID) VALUES ('13', 'Book', 'Fiction novel', 'Author: John Doe', 'signo-de-interrogacion.png', '15', 'USD', 15, 5, '3', '3');
INSERT INTO PRODUCTS (ID, NAME, DESCRIPTION, TECHNICAL_DESCRIPTION, IMAGE, PRICE, COIN, DISCOUNT, TAX, CATEGORY_ID, QUOTE_ID) VALUES ('14', 'Chair', 'Wooden chair', 'Size: Standard', 'signo-de-interrogacion.png', '50', 'USD', 0, 5, '4', '4');
INSERT INTO PRODUCTS (ID, NAME, DESCRIPTION, TECHNICAL_DESCRIPTION, IMAGE, PRICE, COIN, DISCOUNT, TAX, CATEGORY_ID, QUOTE_ID) VALUES ('15', 'Action Figure', 'Superhero action figure', 'Size: 12 inches', 'signo-de-interrogacion.png', '10', 'USD', 0, 5, '5', '5');
INSERT INTO PRODUCTS (ID, NAME, DESCRIPTION, TECHNICAL_DESCRIPTION, IMAGE, PRICE, COIN, DISCOUNT, TAX, CATEGORY_ID, QUOTE_ID) VALUES ('10', 'Laptop', 'Example laptop description', 'Technical specs here','signo-de-interrogacion.png', '1000', 'USD', 0, 5, '1', '1');
INSERT INTO PRODUCTS (ID, NAME, DESCRIPTION, TECHNICAL_DESCRIPTION, IMAGE, PRICE, COIN, DISCOUNT, TAX, CATEGORY_ID, QUOTE_ID) VALUES ('20', 'T-shirt', 'Cotton T-shirt', 'Size: M, Color: Red', 'signo-de-interrogacion.png', '20', 'USD', 0, 5, '2', '2');